"","NHANES","NHANES_EXT","NHIS","NHANES_COMBINE","NHIS_COMBINE","Dev_NHANES_EXT","Dev_NHIS","Dev_NHANES_COMBINE","Dev_NHIS_COMBINE","p_NHANES","p_NHANES_EXT","p_NHIS","p_NHANES_COMBINED","p_NHIS_COMBINED","Sig_NHANES","Sig_NHANES_EXT","Sig_NHIS","Sig_NHANES_COMBINED","Sig_NHIS_COMBINED","Model"
"(Intercept)...1",-2.893,-2.969,-3.011,-2.944,-3.007,-0.077,-0.119,-0.052,-0.115,0.001,0,0,0,0,"Yes","Yes","Yes","Yes","Yes","m1"
"slfBMI...2",0.007,0.01,0.023,0.009,0.022,0.003,0.015,0.002,0.015,0.766,0.526,0,0.49,0,"No","No","Yes","No","Yes","m1"
"(Intercept)...3",-8.899,-7.419,-7.706,-7.912,-7.762,1.481,1.193,0.987,1.137,0,0,0,0,0,"Yes","Yes","Yes","Yes","Yes","m2"
"slfBMI...4",0.011,0.01,0.017,0.01,0.017,-0.001,0.007,-0.001,0.006,0.671,0.576,0.002,0.488,0.002,"No","No","Yes","No","Yes","m2"
"RIDAGEYR...5",0.108,0.083,0.088,0.091,0.089,-0.025,-0.019,-0.017,-0.018,0,0,0,0,0,"Yes","Yes","Yes","Yes","Yes","m2"
"(Intercept)...6",-10.727,-10.241,-10.338,-10.395,-10.362,0.486,0.39,0.333,0.366,0,0,0,0,0,"Yes","Yes","Yes","Yes","Yes","m3"
"slfBMI...7",0.012,0.011,0.019,0.011,0.018,-0.001,0.007,-0.001,0.007,0.65,0.55,0.001,0.458,0.001,"No","No","Yes","No","Yes","m3"
"RIDAGEYR...8",0.108,0.084,0.089,0.092,0.09,-0.024,-0.019,-0.016,-0.018,0,0,0,0,0,"Yes","Yes","Yes","Yes","Yes","m3"
"height...9",0.01,0.016,0.015,0.014,0.015,0.006,0.004,0.004,0.004,0.326,0.029,0,0.017,0,"No","Yes","Yes","Yes","Yes","m3"
"(Intercept)...10",-5.255,-10.289,-6.724,-8.459,-6.649,-5.034,-1.469,-3.204,-1.394,0.088,0,0,0,0,"No","Yes","Yes","Yes","Yes","m4"
"slfBMI...11",0.01,0.011,0.015,0.01,0.015,0.001,0.006,0,0.005,0.717,0.548,0.01,0.512,0.01,"No","No","Yes","No","Yes","m4"
"RIDAGEYR...12",0.11,0.084,0.089,0.092,0.09,-0.026,-0.021,-0.017,-0.02,0,0,0,0,0,"Yes","Yes","Yes","Yes","Yes","m4"
"height...13",-0.019,0.016,-0.004,0.004,-0.005,0.036,0.015,0.023,0.015,0.208,0.077,0.298,0.622,0.206,"No","No","No","No","No","m4"
"RIAGENDRFemale...14",-0.856,0.007,-0.508,-0.292,-0.525,0.863,0.348,0.564,0.331,0.019,0.967,0,0.073,0,"Yes","No","Yes","No","Yes","m4"
"(Intercept)...15",-6.801,-11.053,-6.021,-9.5,-6.026,-4.252,0.78,-2.699,0.774,0.036,0,0,0,0,"Yes","Yes","Yes","Yes","Yes","m5"
"slfBMI...16",0.008,0.009,0.012,0.008,0.011,0.001,0.003,0,0.003,0.729,0.596,0.051,0.564,0.052,"No","No","No","No","No","m5"
"RIDAGEYR...17",0.112,0.085,0.089,0.094,0.09,-0.026,-0.022,-0.018,-0.021,0,0,0,0,0,"Yes","Yes","Yes","Yes","Yes","m5"
"height...18",-0.012,0.02,-0.008,0.009,-0.008,0.032,0.004,0.021,0.004,0.412,0.036,0.059,0.248,0.041,"No","Yes","No","No","Yes","m5"
"RIAGENDRFemale...19",-0.762,0.048,-0.577,-0.234,-0.588,0.81,0.185,0.528,0.175,0.031,0.781,0,0.135,0,"Yes","No","Yes","No","Yes","m5"
"as.factor(race4)NH-Black...20",0.535,0.672,0.555,0.622,0.555,0.137,0.02,0.087,0.02,0.057,0.003,0,0,0,"No","Yes","Yes","Yes","Yes","m5"
"as.factor(race4)Hispanic...21",0.54,0.35,-0.229,0.415,-0.19,-0.19,-0.769,-0.125,-0.73,0.16,0.211,0.028,0.067,0.058,"No","No","Yes","No","No","m5"
"as.factor(race4)NH-Other...22",0.405,0.11,-0.301,0.237,-0.259,-0.295,-0.706,-0.168,-0.664,0.508,0.824,0.043,0.528,0.076,"No","No","Yes","No","No","m5"
"(Intercept)...23",-6.774,-10.922,-5.993,-9.41,-6.002,-4.148,0.781,-2.636,0.772,0.041,0,0,0,0,"Yes","Yes","Yes","Yes","Yes","m6"
"slfBMI...24",0.008,0.006,0.01,0.006,0.01,-0.002,0.002,-0.002,0.001,0.739,0.715,0.103,0.674,0.103,"No","No","No","No","No","m6"
"RIDAGEYR...25",0.111,0.085,0.089,0.093,0.09,-0.026,-0.022,-0.018,-0.021,0,0,0,0,0,"Yes","Yes","Yes","Yes","Yes","m6"
"height...26",-0.011,0.02,-0.007,0.009,-0.007,0.032,0.004,0.021,0.004,0.432,0.029,0.091,0.208,0.067,"No","Yes","No","No","No","m6"
"RIAGENDRFemale...27",-0.77,0.018,-0.585,-0.255,-0.595,0.788,0.185,0.515,0.175,0.032,0.916,0,0.103,0,"Yes","No","Yes","No","Yes","m6"
"as.factor(race4)NH-Black...28",0.538,0.644,0.533,0.604,0.534,0.106,-0.005,0.066,-0.004,0.06,0.004,0,0,0,"No","Yes","Yes","Yes","Yes","m6"
"as.factor(race4)Hispanic...29",0.522,0.354,-0.249,0.414,-0.209,-0.169,-0.771,-0.108,-0.731,0.181,0.212,0.019,0.067,0.039,"No","No","Yes","No","Yes","m6"
"as.factor(race4)NH-Other...30",0.438,0.099,-0.315,0.237,-0.27,-0.339,-0.752,-0.201,-0.708,0.477,0.839,0.035,0.525,0.065,"No","No","Yes","No","No","m6"
"phys.all...31",-0.093,-0.091,-0.075,-0.095,-0.075,0.002,0.018,-0.001,0.018,0.403,0.033,0.11,0.024,0.099,"No","Yes","No","Yes","No","m6"
"(Intercept)...32",-9.315,-12.203,-7.498,-11.06,-7.557,-2.888,1.816,-1.745,1.758,0.022,0,0,0,0,"Yes","Yes","Yes","Yes","Yes","m7"
"slfBMI...33",0.019,0.016,0.019,0.016,0.019,-0.003,0,-0.003,0,0.462,0.347,0.001,0.261,0.001,"No","No","Yes","No","Yes","m7"
"RIDAGEYR...34",0.125,0.09,0.095,0.1,0.096,-0.036,-0.03,-0.025,-0.029,0,0,0,0,0,"Yes","Yes","Yes","Yes","Yes","m7"
"height...35",-0.006,0.019,-0.005,0.01,-0.005,0.026,0.001,0.017,0.001,0.66,0.049,0.258,0.174,0.226,"No","Yes","No","No","No","m7"
"RIAGENDRFemale...36",-0.598,0.189,-0.468,-0.083,-0.475,0.787,0.13,0.514,0.123,0.098,0.305,0,0.607,0,"No","No","Yes","No","Yes","m7"
"as.factor(race4)NH-Black...37",0.471,0.673,0.54,0.593,0.538,0.202,0.069,0.122,0.067,0.097,0.003,0,0,0,"No","Yes","Yes","Yes","Yes","m7"
"as.factor(race4)Hispanic...38",0.617,0.413,-0.142,0.49,-0.103,-0.204,-0.759,-0.127,-0.721,0.138,0.183,0.186,0.044,0.315,"No","No","No","Yes","No","m7"
"as.factor(race4)NH-Other...39",0.513,0.1,-0.233,0.279,-0.189,-0.413,-0.746,-0.234,-0.702,0.459,0.84,0.116,0.469,0.199,"No","No","No","No","No","m7"
"phys.all...40",-0.048,-0.058,-0.054,-0.058,-0.053,-0.009,-0.006,-0.009,-0.005,0.618,0.095,0.194,0.096,0.186,"No","No","No","No","No","m7"
"as.factor(smk3)1...41",0.197,0.931,0.333,0.674,0.324,0.734,0.136,0.477,0.126,0.542,0.001,0,0.001,0,"No","Yes","Yes","Yes","Yes","m7"
"as.factor(smk3)2...42",1.298,1.507,1.107,1.42,1.113,0.209,-0.191,0.122,-0.186,0.008,0,0,0,0,"Yes","Yes","Yes","Yes","Yes","m7"
"(Intercept)...43",-9.524,-11.919,-7.238,-10.84,-7.315,-2.396,2.286,-1.316,2.209,0.046,0,0,0,0,"Yes","Yes","Yes","Yes","Yes","m8"
"slfBMI...44",0.016,0.014,0.016,0.014,0.016,-0.002,-0.001,-0.003,-0.001,0.518,0.423,0.009,0.342,0.008,"No","No","Yes","No","Yes","m8"
"RIDAGEYR...45",0.121,0.088,0.093,0.098,0.094,-0.033,-0.028,-0.023,-0.027,0.002,0,0,0,0,"Yes","Yes","Yes","Yes","Yes","m8"
"height...46",-0.002,0.019,-0.004,0.011,-0.004,0.021,-0.002,0.013,-0.002,0.901,0.051,0.373,0.144,0.355,"No","No","No","No","No","m8"
"RIAGENDRFemale...47",-0.634,0.153,-0.525,-0.126,-0.532,0.787,0.109,0.508,0.102,0.123,0.404,0,0.447,0,"No","No","Yes","No","Yes","m8"
"as.factor(race4)NH-Black...48",0.45,0.651,0.489,0.566,0.488,0.2,0.039,0.116,0.037,0.156,0.005,0,0.001,0,"No","Yes","Yes","Yes","Yes","m8"
"as.factor(race4)Hispanic...49",0.628,0.402,-0.164,0.482,-0.124,-0.225,-0.792,-0.146,-0.752,0.161,0.194,0.127,0.047,0.226,"No","No","No","Yes","No","m8"
"as.factor(race4)NH-Other...50",0.392,0.062,-0.306,0.218,-0.266,-0.33,-0.698,-0.174,-0.658,0.572,0.899,0.04,0.56,0.072,"No","No","Yes","No","No","m8"
"phys.all...51",-0.035,-0.05,-0.039,-0.047,-0.039,-0.016,-0.005,-0.012,-0.004,0.721,0.149,0.3,0.162,0.294,"No","No","No","No","No","m8"
"as.factor(smk3)1...52",0.225,0.957,0.371,0.706,0.362,0.732,0.146,0.481,0.137,0.524,0.001,0,0.001,0,"No","Yes","Yes","Yes","Yes","m8"
"as.factor(smk3)2...53",1.308,1.515,1.132,1.43,1.137,0.206,-0.176,0.121,-0.171,0.024,0,0,0,0,"Yes","Yes","Yes","Yes","Yes","m8"
"as.factor(hvy.drk)1",-0.707,-0.289,-0.554,-0.428,-0.561,0.418,0.153,0.279,0.146,0.071,0.198,0,0.017,0,"No","No","Yes","Yes","Yes","m8"
"as.factor(hvy.drk)2",-0.019,-0.048,0.024,-0.047,0.014,-0.029,0.043,-0.028,0.033,0.941,0.893,0.842,0.853,0.903,"No","No","No","No","No","m8"
